/*
 Navicat Premium Dump SQL

 Source Server         : 个人阿里云数据库
 Source Server Type    : MySQL
 Source Server Version : 80036 (8.0.36)
 Source Host           : rm-bp1k7j3y96w020tz1eo.mysql.rds.aliyuncs.com:3306
 Source Schema         : ry-vue

 Target Server Type    : MySQL
 Target Server Version : 80036 (8.0.36)
 File Encoding         : 65001

 Date: 16/10/2025 15:17:01
*/

SET NAMES utf8mb4;
SET FOREIGN_KEY_CHECKS = 0;

-- ----------------------------
-- Table structure for ai_workflow
-- ----------------------------
DROP TABLE IF EXISTS `ai_workflow`;
CREATE TABLE `ai_workflow`  (
  `id` bigint NOT NULL AUTO_INCREMENT COMMENT '工作流ID',
  `workflow_name` varchar(100) CHARACTER SET utf8mb4 COLLATE utf8mb4_0900_ai_ci NOT NULL COMMENT '工作流名称',
  `workflow_description` varchar(500) CHARACTER SET utf8mb4 COLLATE utf8mb4_0900_ai_ci NULL DEFAULT NULL COMMENT '工作流描述',
  `workflow_type` varchar(50) CHARACTER SET utf8mb4 COLLATE utf8mb4_0900_ai_ci NULL DEFAULT 'sequential' COMMENT '工作流类型（sequential=顺序执行）',
  `workflow_version` varchar(20) CHARACTER SET utf8mb4 COLLATE utf8mb4_0900_ai_ci NULL DEFAULT '1.0' COMMENT '工作流版本',
  `enabled` char(1) CHARACTER SET utf8mb4 COLLATE utf8mb4_0900_ai_ci NULL DEFAULT '1' COMMENT '启用状态（0=禁用 1=启用）',
  `status` char(1) CHARACTER SET utf8mb4 COLLATE utf8mb4_0900_ai_ci NULL DEFAULT '0' COMMENT '状态（0=正常 1=停用）',
  `del_flag` char(1) CHARACTER SET utf8mb4 COLLATE utf8mb4_0900_ai_ci NULL DEFAULT '0' COMMENT '删除标志（0代表存在 2代表删除）',
  `create_by` varchar(64) CHARACTER SET utf8mb4 COLLATE utf8mb4_0900_ai_ci NULL DEFAULT '' COMMENT '创建者',
  `create_time` datetime NULL DEFAULT NULL COMMENT '创建时间',
  `update_by` varchar(64) CHARACTER SET utf8mb4 COLLATE utf8mb4_0900_ai_ci NULL DEFAULT '' COMMENT '更新者',
  `update_time` datetime NULL DEFAULT NULL COMMENT '更新时间',
  `remark` varchar(500) CHARACTER SET utf8mb4 COLLATE utf8mb4_0900_ai_ci NULL DEFAULT NULL COMMENT '备注',
  `user_id` bigint NULL DEFAULT NULL COMMENT '用户ID',
  `config_json` text CHARACTER SET utf8mb4 COLLATE utf8mb4_0900_ai_ci NULL COMMENT '配置JSON（扩展配置参数）',
  PRIMARY KEY (`id`) USING BTREE,
  INDEX `idx_workflow_name`(`workflow_name` ASC) USING BTREE,
  INDEX `idx_user_id`(`user_id` ASC) USING BTREE,
  INDEX `idx_enabled`(`enabled` ASC) USING BTREE
) ENGINE = InnoDB AUTO_INCREMENT = 3 CHARACTER SET = utf8mb4 COLLATE = utf8mb4_0900_ai_ci COMMENT = 'AI工作流配置表' ROW_FORMAT = Dynamic;

-- ----------------------------
-- Records of ai_workflow
-- ----------------------------
INSERT INTO `ai_workflow` VALUES (1, '示例工作流', '这是一个简单的示例工作流，包含两个步骤', 'sequential', '1.0', '1', '0', '0', 'admin', '2025-10-15 13:25:45', 'admin', '2025-10-15 13:25:45', '示例工作流，用于演示基本功能', 1, '{}');
INSERT INTO `ai_workflow` VALUES (2, 'github推荐排行榜生成', '根据每天上榜的github仓库去生成文章', 'sequential', '1.0.0', '1', '0', '0', 'admin', '2025-10-15 16:26:31', 'admin', '2025-10-15 16:26:31', NULL, NULL, NULL);

-- ----------------------------
-- Table structure for ai_workflow_execution
-- ----------------------------
DROP TABLE IF EXISTS `ai_workflow_execution`;
CREATE TABLE `ai_workflow_execution`  (
  `id` bigint NOT NULL AUTO_INCREMENT COMMENT '执行记录ID',
  `workflow_id` bigint NOT NULL COMMENT '工作流ID',
  `status` varchar(20) CHARACTER SET utf8mb4 COLLATE utf8mb4_0900_ai_ci NULL DEFAULT 'running' COMMENT '执行状态（running=运行中, completed=已完成, failed=失败）',
  `input_data` text CHARACTER SET utf8mb4 COLLATE utf8mb4_0900_ai_ci NULL COMMENT '输入数据（JSON格式）',
  `output_data` text CHARACTER SET utf8mb4 COLLATE utf8mb4_0900_ai_ci NULL COMMENT '输出数据（JSON格式）',
  `error_message` text CHARACTER SET utf8mb4 COLLATE utf8mb4_0900_ai_ci NULL COMMENT '错误信息',
  `del_flag` char(1) CHARACTER SET utf8mb4 COLLATE utf8mb4_0900_ai_ci NULL DEFAULT '0' COMMENT '删除标志（0代表存在 2代表删除）',
  `create_by` varchar(64) CHARACTER SET utf8mb4 COLLATE utf8mb4_0900_ai_ci NULL DEFAULT '' COMMENT '创建者',
  `create_time` datetime NULL DEFAULT NULL COMMENT '创建时间',
  `update_by` varchar(64) CHARACTER SET utf8mb4 COLLATE utf8mb4_0900_ai_ci NULL DEFAULT '' COMMENT '更新者',
  `update_time` datetime NULL DEFAULT NULL COMMENT '更新时间',
  `remark` varchar(500) CHARACTER SET utf8mb4 COLLATE utf8mb4_0900_ai_ci NULL DEFAULT NULL COMMENT '备注',
  PRIMARY KEY (`id`) USING BTREE,
  INDEX `idx_workflow_id`(`workflow_id` ASC) USING BTREE,
  INDEX `idx_status`(`status` ASC) USING BTREE,
  INDEX `idx_create_time`(`create_time` ASC) USING BTREE,
  CONSTRAINT `fk_workflow_execution_workflow` FOREIGN KEY (`workflow_id`) REFERENCES `ai_workflow` (`id`) ON DELETE CASCADE ON UPDATE RESTRICT
) ENGINE = InnoDB AUTO_INCREMENT = 17 CHARACTER SET = utf8mb4 COLLATE = utf8mb4_0900_ai_ci COMMENT = 'AI工作流执行记录表' ROW_FORMAT = Dynamic;

-- ----------------------------
-- Records of ai_workflow_execution
-- ----------------------------
INSERT INTO `ai_workflow_execution` VALUES (1, 1, 'completed', '{}', '{\"final_summary\":\"请您提供需要进行情感分析的具体文本，我将基于文本内容，从情感极性、强度、对象及核心依据等维度，为您生成简洁的总结结论。\",\"sentiment_result\":\"好的，请提供您需要分析的文本。\n\n作为文本分析专家，我会从以下几个维度对文本的情感倾向进行综合分析：\n\n1.  **情感极性**：判断文本整体是**正面**、**负面**还是**中性**的。\n2.  **情感强度**：判断情感的强烈程度，是**强烈**、**温和**还是**微弱**。\n3.  **情感对象**：识别文本中的情感是针对**谁**或**什么**（例如：产品、服务、个人、事件）。\n4.  **情感依据**：找出文本中表达情感的关键词、短语和句式。\n\n---\n\n### **分析框架（我将使用的步骤）**\n\n*   **词汇分析**：识别文本中的情感词（如“优秀”、“糟糕”）、程度副词（如“非常”、“有点”）、否定词（如“不”、“没有”）以及表情符号。\n*   **句式分析**：分析句子结构，如感叹句（！）通常表达强烈情感，反问句可能带有讽刺或不满，而条件句（如果…就…）可能表达期望或遗憾。\n*   **上下文与语境**：结合文本的整体语境来判断某些词语的真实含义，避免歧义（例如，“这真是个‘惊喜’啊”可能是正面的，也可能是反讽的）。\n*   **综合判断**：综合以上所有信息，给出一个最终的情感倾向结论。\n\n---\n\n**请将您需要分析的文本粘贴在下方，我即刻为您进行专业、细致的分析。**\n\n**例如，如果您提供文本：**\n> “这款新手机的设计简直太惊艳了，续航也非常给力，就是价格有点让人望而却步。”\n\n**我的分析可能会是：**\n\n**情感倾向：** 总体为**正面**，但夹杂着负面因素。\n\n*   **情感极性与强度**：文本以强烈的正面情感开头（“简直太惊艳了”、“非常给力”），但在结尾转为温和的负面情感（“有点望而却步”）。由于正面评价更具体、情感更强烈，因此整体倾向为正面。\n*   **情感对象**：情感主要针对“这款新手机”的**设计**、**续航**和**价格**。\n*   **情感依据**：\n    *   **正面**：“惊艳”、“非常给力”等词表达了高度的赞赏。\n    *   **负面**：“望而却步”这个成语形象地表达了因价格过高而产生的犹豫和退缩感，程度副词“有点”则缓和了这种负面情绪。\n\n**结论：** 发言者非常喜爱该手机的设计和性能，但对价格有所不满，整体推荐意向依然是积极的。\"}', NULL, '1', 'admin', '2025-10-15 14:12:20', 'admin', '2025-10-15 14:12:58', NULL);
INSERT INTO `ai_workflow_execution` VALUES (3, 1, 'completed', '{\"input_text\":\"We’ve just added GPT-5-medium inside TRAE, and renamed the previous GPT-5 model as GPT-5-high.Both are reasoning models with image understanding:- GPT-5-high excels at deep reasoning and detailed outputs, perfect for complex multi-step tasks.- GPT-5-medium balances reasoning power with speed, ideal for fast iterations in daily dev workflows.You can now choose between depth and speed, depending on what you’re building.Available right now in the latest version of TRAE.\"}', '{\"final_summary\":\"该文本为积极正面的产品更新公告，通过强调产品优势、迭代优化等积极表述，传达技术进步与用户体验优化，情感倾向明确正面。\",\"input_text\":\"We’ve just added GPT-5-medium inside TRAE, and renamed the previous GPT-5 model as GPT-5-high.Both are reasoning models with image understanding:- GPT-5-high excels at deep reasoning and detailed outputs, perfect for complex multi-step tasks.- GPT-5-medium balances reasoning power with speed, ideal for fast iterations in daily dev workflows.You can now choose between depth and speed, depending on what you’re building.Available right now in the latest version of TRAE.\",\"sentiment_result\":\"根据文本内容分析，该段文字的情感倾向为**积极正面**。以下是详细分析：\n\n### 情感倾向判断依据：\n1. **积极词汇**：\n   - \"excels at\"（擅长）\n   - \"perfect for\"（非常适合）\n   - \"balances... with speed\"（在...与速度之间取得平衡）\n   - \"ideal for\"（理想的）\n   - \"Available right now\"（即刻可用）\n\n2. **产品优势强调**：\n   - 通过对比两个模型（GPT-5-high 和 GPT-5-medium）的特点，突出各自优势\n   - 强调用户\"可以根据需求选择深度或速度\"，体现灵活性和用户友好性\n\n3. **进展性语气**：\n   - \"We’ve just added\"（我们刚刚添加）体现进步和创新\n   - \"renamed\"（重命名）显示产品迭代优化\n\n4. **邀请性结尾**：\n   - \"Available right now\"（即刻可用）带有推广和邀请尝试的积极语气\n\n### 情感强度：\n**中等偏上积极** - 文字以客观介绍为主，但通过选择性词汇和产品优势描述，传递出对产品能力的信心和推广热情。\n\n### 总结：\n这段文字是典型的产品更新公告，通过专业而积极的措辞，旨在传达技术进步和用户体验优化，整体情感倾向明确正面。\"}', NULL, '0', 'admin', '2025-10-15 14:30:57', 'admin', '2025-10-15 14:31:23', NULL);
INSERT INTO `ai_workflow_execution` VALUES (4, 1, 'completed', '{\"input_text\":\"Claude Code Templates just hit 100K downloads 🎉  New analytics now live: - Top countries downloading components - Growth trends by category - 562 components across 125 countries  Agents dominating the charts  The data is starting to reveal how the community is actually using Claude Code and where this CLI coding assistant truly shines.\"}', '{\"final_summary\":\"该文本情感倾向积极正面，通过10万次下载成就、新分析功能发布、覆盖125个国家的全球影响力、市场表现亮眼及产品价值优势等内容传递积极情绪，情感强度中等偏强，隐含对产品表现的满意自豪、对社区采纳的欣喜及对未来发展的乐观预期。\",\"input_text\":\"Claude Code Templates just hit 100K downloads 🎉  New analytics now live: - Top countries downloading components - Growth trends by category - 562 components across 125 countries  Agents dominating the charts  The data is starting to reveal how the community is actually using Claude Code and where this CLI coding assistant truly shines.\",\"sentiment_result\":\"根据文本内容分析，情感倾向为**积极正面**。以下是具体分析：\n\n**积极情感指标：**\n1. **成就庆祝**：\"100K downloads 🎉\" - 使用庆祝表情和具体成就数据\n2. **功能发布**：\"New analytics now live\" - 新功能上线的兴奋语气\n3. **全球影响力**：\"125 countries\" - 强调广泛的国际覆盖\n4. **市场表现**：\"Agents dominating the charts\" - 在排行榜上占据主导地位\n5. **价值发现**：\"where this CLI coding assistant truly shines\" - 明确表达产品的优势和价值\n\n**情感强度：中等偏强**\n- 虽然没有使用夸张的形容词，但通过具体数据和成果展示来传递积极情绪\n- 整体语气专业但充满成就感，符合产品里程碑公告的典型风格\n\n**隐含情感：**\n- 对产品表现的满意和自豪\n- 对社区采纳程度的欣喜\n- 对未来发展的乐观预期\n\n这是一个典型的产品成就公告，通过数据驱动的方式传达积极信息，情感表达克制但明确。\"}', NULL, '0', 'admin', '2025-10-15 14:53:18', 'admin', '2025-10-15 14:53:41', NULL);
INSERT INTO `ai_workflow_execution` VALUES (6, 2, 'completed', '{\"final_summary\":\"“”\"}', '{\"final_summary\":\"“”\",\"github_analysis\":\"由于当前GitHub趋势数据暂时为空，我将结合近期技术趋势和GitHub上榜仓库的普遍特点，为您提供分析框架和观察建议：\n\n### 🔍 技术趋势分析框架\n1. **AI/ML工具链爆发**  \n   - 模型微调工具（如LLaMA-Factory）\n   - AI应用框架（LangChain生态）\n   - 边缘AI部署方案\n\n2. **开发体验革命**  \n   - 云原生开发环境（DevPod、GitPod）\n   - AI编程助手（Cursor、Windsurf架构）\n   - 低代码平台底层引擎\n\n3. **基础设施演进**  \n   - WebAssembly运行时（Wasi、WasmEdge）\n   - 异构计算编排（Kubernetes设备插件）\n   - 服务网格轻量化\n\n### 📊 历史模式特征\n根据过往趋势仓库统计：\n- **70%** 为工具类项目（CLI/SDK/框架）\n- **15%** 为学习资源（实战教程/面试指南）\n- **10%** 为AI模型相关\n- **5%** 为创新型应用\n\n### 🚀 建议关注方向\n1. **实时刷新趋势**  \n   尝试切换语言筛选（如Python/JavaScript/Rust）或选择周榜/月榜视图\n\n2. **交叉验证热点**  \n   可结合以下标签在GitHub搜索：\n   ```bash\n   # 近期高潜领域\n   topics:ai-agents,webassembly,serverless,llm-ops\n   created:>2024-01-01 stars:>500\n   ```\n\n3. **趋势验证指标**  \n   - 星标增速（非总数）\n   - Issue/PR响应速度\n   - 开发者生态多样性\n\n需要我为您实时拉取指定语言领域的趋势数据吗？我可以立即刷新查询特定技术栈的活跃项目。\",\"github_analysis_tool_result\":\"今日暂无GitHub趋势仓库数据（语言：all）\"}', NULL, '0', 'admin', '2025-10-15 16:59:23', 'admin', '2025-10-15 16:59:43', NULL);
INSERT INTO `ai_workflow_execution` VALUES (7, 2, 'completed', '{\"final_summary\":\"“”\"}', '{\"final_summary\":\"“”\",\"github_analysis\":\"基于GitHub今日趋势仓库的数据分析，我识别出以下几个显著的技术趋势和特点：\n\n## 🚀 主要技术趋势分析\n\n### 1. **AI与LLM应用生态爆发式增长**\n- **AI助手平台**：NextChat、Lobe Chat等AI聊天框架占据重要位置\n- **RAG技术**：RAGFlow、FastGPT等检索增强生成工具成为热点\n- **AI开发工具**：nanoGPT、diffusers等模型训练工具持续受欢迎\n- **AI集成开发**：claude-code等AI编程助手工具快速崛起\n\n### 2. **Rust语言的强势崛起**\n- 系统级项目如rust-lang/rust本身持续上榜\n- 桌面应用框架tauri使用Rust构建更安全的跨平台应用\n- 工具类项目如sniffnet、zoxide、turborepo展示Rust在性能敏感场景的优势\n- 新兴领域如FHEVM、chroma等AI基础设施也选择Rust\n\n### 3. **开发者工具与效率提升**\n- **Git工具**：lazygit等终端UI工具改善开发者体验\n- **数据库工具**：dbeaver、Chat2DB等数据库管理工具需求旺盛\n- **API工具**：public-apis资源集合、bruno等API测试工具\n- **开发环境**：各种在线工具集合和代码编辑器插件\n\n### 4. **全栈与低代码平台成熟**\n- **企业级框架**：JeecgBoot、RuoYi等低代码平台获得企业青睐\n- **管理后台**：vue-element-admin、vue-vben-admin等成熟解决方案\n- **快速开发**：Spring Boot等传统框架依然保持强劲势头\n\n### 5. **现代化Web技术栈巩固**\n- **前端框架**：Vue、React生态持续繁荣\n- **构建工具**：Rollup、Turborepo等现代化构建工具\n- **类型安全**：TypeScript在多个热门项目中成为首选\n\n## 📊 语言分布特点\n\n| 语言 | 项目数量 | 代表项目 |\n|------|----------|----------|\n| Java | 10个 | Spring Boot、Elasticsearch、Hello-Algo |\n| TypeScript | 8个 | NextChat、Lobe Chat、FastGPT |\n| JavaScript | 5个 | Web-Dev-For-Beginners、Bruno |\n| Rust | 6个 | Rust、Tauri、Sniffnet |\n| Go | 7个 | Moby、Lazygit、K6 |\n| Python | 6个 | Public-apis、RAGFlow、nanoGPT |\n| Vue | 5个 | Vue-element-admin、YesPlayMusic |\n\n## 🎯 用户需求洞察\n\n1. **学习资源需求**：数据结构算法教程、Web开发入门课程持续热门\n2. **效率工具需求**：开发者对提升工作效率的工具需求强烈\n3. **AI应用普及**：从理论研究转向实际应用开发\n4. **企业级需求**：成熟稳定的企业级解决方案依然重要\n5. **安全与隐私**：网络安全、数据隐私相关工具关注度提升\n\n## 🔮 未来趋势预测\n\n基于当前趋势，预计以下方向将继续保持热度：\n- **AI原生应用开发**将更加普及\n- **Rust在系统级应用**中的份额将持续增长\n- **低代码/无代码平台**将覆盖更多业务场景\n- **开发者体验优化**工具将不断涌现\n- **跨平台桌面应用**开发需求持续旺盛\n\n这些趋势反映了当前技术社区对AI应用、开发效率、性能优化和企业级解决方案的集中关注，为技术选型和职业规划提供了重要参考。\",\"github_analysis_tool_result\":\"GitHub今日趋势仓库：\n\n1. public-apis /public-apis\n   描述: 免费API的集合列表\n   语言: python\n   星数: 369742\n   Fork数: 38902\n   链接: https://github.com/public-apis/public-apis\n   上榜天数: 47\n\n2. krahets/hello-algo\n   描述: 《Hello 算法》：动画图解、一运行即可理解的数据结构与算法教程。支持 Python, Java, C++, C, C#, JS, Go, Swift, Rust, Ruby, Kotlin, TS, Dart 代码。简体版和繁体版同步更新，英文版持续进行中。\n   语言: java\n   星数: 117802\n   Fork数: 14487\n   链接: https://github.com/krahets/hello-algo\n   上榜天数: 44\n\n3. rust-lang/rust\n   描述: 赋能每个人构建可靠且高效的软件。\n   语言: rust\n   星数: 107164\n   Fork数: 13843\n   链接: https://github.com/rust-lang/rust\n   上榜天数: 19\n\n4. tauri-apps/tauri\n   描述: 使用Web前端构建更小、更快、更安全的桌面和移动应用程序。\n   语言: rust\n   星数: 97413\n   Fork数: 3102\n   链接: https://github.com/tauri-apps/tauri\n   上榜天数: 8\n\n5. microsoft/Web-Dev-For-Beginners\n   描述: 24节课，12周，Web开发者入门\n   语言: javascript\n   星数: 92284\n   Fork数: 14264\n   链接: https://github.com/microsoft/Web-Dev-For-Beginners\n   上榜天数: 11\n\n6. PanJiaChen/vue-element-admin\n   描述: 🎉 魔法般的 Vue 管理后台 https://panjiachen.github.io/vue-element-admin\n   语言: vue\n   星数: 89968\n   Fork数: 30644\n   链接: https://github.com/PanJiaChen/vue-element-admin\n   上榜天数: 121\n\n7. ChatGPTNextWeb/NextChat\n   描述: ✨ 轻量快速的AI助手。支持：Web | iOS | MacOS | Android | Linux | Windows\n   语言: typescript\n   星数: 86093\n   Fork数: 60945\n   链接: https://github.com/ChatGPTNextWeb/NextChat\n   上榜天数: 2\n\n8. spring-projects/spring-boot\n   描述: Spring Boot 帮助你创建基于 Spring 的生产级应用程序和服务，尽可能减少繁琐的工作。\n   语言: java\n   星数: 78672\n   Fork数: 41564\n   链接: https://github.com/spring-projects/spring-boot\n   上榜天数: 76\n\n9. elastic/elasticsearch\n   描述: 免费且开源的分布式RESTful搜索引擎\n   语言: java\n   星数: 75026\n   Fork数: 25548\n   链接: https://github.com/elastic/elasticsearch\n   上榜天数: 73\n\n10. moby/moby\n   描述: Moby 项目 - 一个为容器生态系统协作组装基于容器系统的项目\n   语言: go\n   星数: 70914\n   Fork数: 18821\n   链接: https://github.com/moby/moby\n   上榜天数: 46\n\n11. lobehub/lobe-chat\n   描述: 🤯 Lobe Chat - 一个开源、现代设计的AI聊天框架。支持多个AI提供商（OpenAI / Claude 4 / Gemini / DeepSeek / Ollama / Qwen）、知识库（文件上传 / RAG），一键安装MCP市场和工件/思考功能。一键免费部署您的私人AI代理应用。\n   语言: typescript\n   星数: 66855\n   Fork数: 13817\n   链接: https://github.com/lobehub/lobe-chat\n   上榜天数: 11\n\n12. infiniflow /ragflow\n   描述: RAGFlow 是一个基于深度文档理解的开源 RAG（检索增强生成）引擎。\n   语言: python\n   星数: 65930\n   Fork数: 6950\n   链接: https://github.com/infiniflow/ragflow\n   上榜天数: 36\n\n13. jesseduffield /lazygit\n   描述: 用于 Git 命令的简单终端用户界面\n   语言: go\n   星数: 65861\n   Fork数: 2283\n   链接: https://github.com/jesseduffield/lazygit\n   上榜天数: 29\n\n14. jesseduffield /lazydocker\n   描述: 更轻松地管理所有 Docker 事务的方式\n   语言: go\n   星数: 46808\n   Fork数: 1471\n   链接: https://github.com/jesseduffield/lazydocker\n   上榜天数: 24\n\n15. opendatalab/MinerU\n   描述: 一款高质量的数据提取工具，可将PDF转换为Markdown和JSON格式。\n   语言: python\n   星数: 46329\n   Fork数: 3837\n   链接: https://github.com/opendatalab/MinerU\n   上榜天数: 30\n\n16. skylot /jadx\n   描述: Dex到Java反编译器\n   语言: java\n   星数: 45777\n   Fork数: 5292\n   链接: https://github.com/skylot/jadx\n   上榜天数: 16\n\n17. dbeaver/dbeaver\n   描述: 免费的通用数据库工具和SQL客户端\n   语言: java\n   星数: 45753\n   Fork数: 3867\n   链接: https://github.com/dbeaver/dbeaver\n   上榜天数: 72\n\n18. karpathy/nanoGPT\n   描述: 用于训练/微调中型 GPT 的最简单、最快的存储库。 \n   语言: python\n   星数: 45484\n   Fork数: 7738\n   链接: https://github.com/karpathy/nanoGPT\n   上榜天数: 5\n\n19. jeecgboot/JeecgBoot\n   描述: 🔥「企业级低代码平台」前后端分离架构SpringBoot 2.x/3.x，SpringCloud，Ant Design&Vue3，Mybatis，Shiro，JWT。强大的代码生成器让前后端代码一键生成，无需编写任何代码！引领新的开发模式，引入AI模型能力 OnlineCoding->代码生成->手工MERGE，帮助Java项目解决70%的重复工作，让开发更关注业务，既能快速提高效率，又帮助公司节省成本，同时不失灵活性。\n   语言: java\n   星数: 44053\n   Fork数: 15597\n   链接: https://github.com/jeecgboot/JeecgBoot\n   上榜天数: 46\n\n20. DIYgod/RSSHub\n   描述: 🧡 万物皆可 RSS\n   语言: typescript\n   星数: 39282\n   Fork数: 8612\n   链接: https://github.com/DIYgod/RSSHub\n   上榜天数: 4\n\n21. anthropics/claude-code\n   描述: Claude Code 是一款智能代理式编码工具，运行在你的终端中，能够理解你的代码库，并通过执行日常任务、解释复杂代码和处理 Git 工作流来帮助你更快地编码——所有这些都通过自然语言命令实现。\n   语言: typescript\n   星数: 38856\n   Fork数: 2446\n   链接: https://github.com/anthropics/claude-code\n   上榜天数: 9\n\n22. usebruno/bruno\n   描述: 用于探索和测试API的开源IDE（Postman/Insomnia的轻量级替代方案）\n   语言: javascript\n   星数: 37532\n   Fork数: 1894\n   链接: https://github.com/usebruno/bruno\n   上榜天数: 7\n\n23. netty /netty\n   描述: Netty 项目 - 一个事件驱动的异步网络应用框架\n   语言: java\n   星数: 34494\n   Fork数: 16186\n   链接: https://github.com/netty/netty\n   上榜天数: 44\n\n24. YunaiV/ruoyi-vue-pro\n   描述: ✨ 官方推荐 ✨ RuoYi-Vue 全新 Pro 版本，优化重构所有功能。基于 Spring Boot + MyBatis Plus + Vue & Element 实现的后台管理系统 + 微信小程序，支持 RBAC 动态权限、数据权限、SaaS 多租户、Flowable 工作流、三方登录、支付、短信、商城、CRM、ERP、AI 大模型等功能。你的 🌟 Star 🌟，是作者发展的动力！\n   语言: java\n   星数: 33597\n   Fork数: 7247\n   链接: https://github.com/YunaiV/ruoyi-vue-pro\n   上榜天数: 50\n\n25. CorentinTh/it-tools\n   描述: 为开发者提供的便捷在线工具集合，具有优秀的用户体验。\n   语言: vue\n   星数: 33440\n   Fork数: 4123\n   链接: https://github.com/CorentinTh/it-tools\n   上榜天数: 171\n\n26. ueberdosis/tiptap\n   描述: The headless rich text editor framework for web artisans.\n   语言: typescript\n   星数: 32987\n   Fork数: 2704\n   链接: https://github.com/ueberdosis/tiptap\n   上榜天数: 1\n\n27. qier222/YesPlayMusic\n   描述: 高颜值的第三方网易云音乐播放器，支持 Windows / macOS / Linux\n   语言: vue\n   星数: 31843\n   Fork数: 4670\n   链接: https://github.com/qier222/YesPlayMusic\n   上榜天数: 93\n\n28. remix-run/remix\n   描述: 构建更好的网站。通过Web基础创建现代化、健壮的用户体验。\n   语言: typescript\n   星数: 31788\n   Fork数: 2699\n   链接: https://github.com/remix-run/remix\n   上榜天数: 6\n\n29. huggingface/diffusers\n   描述: 🤗 Diffusers: 最先进的扩散模型，用于在 PyTorch 和 FLAX 中生成图像和音频。\n   语言: python\n   星数: 31258\n   Fork数: 6417\n   链接: https://github.com/huggingface/diffusers\n   上榜天数: 7\n\n30. GyulyVGC/sniffnet\n   描述: 轻松监控您的互联网流量 🕵️‍♂️\n   语言: rust\n   星数: 31167\n   Fork数: 1096\n   链接: https://github.com/GyulyVGC/sniffnet\n   上榜天数: 11\n\n31. ajeetdsouza/zoxide\n   描述: 一个更智能的cd命令。支持所有主流shell。\n   语言: rust\n   星数: 30514\n   Fork数: 680\n   链接: https://github.com/ajeetdsouza/zoxide\n   上榜天数: 2\n\n32. wailsapp/wails\n   描述: 使用 Go 创建美丽应用程序\n   语言: go\n   星数: 30408\n   Fork数: 1483\n   链接: https://github.com/wailsapp/wails\n   上榜天数: 23\n\n33. vbenjs/vue-vben-admin\n   描述: 一个使用 Vue3、Shadcn UI、Vite、TypeScript 和 Monorepo 构建的现代 Vue 管理面板。它非常快！\n   语言: vue\n   星数: 30243\n   Fork数: 8190\n   链接: https://github.com/vbenjs/vue-vben-admin\n   上榜天数: 194\n\n34. frappe/erpnext\n   描述: 免费且开源的企业资源规划（ERP）系统，它提供了一套集成的企业管理应用程序，涵盖了财务、人力资源、供应链管理、生产制造等多个领域，帮助企业实现资源的有效规划和管理，提高运营效率和决策准确性。（如 Odoo（Open Source ERP）、Kompose（Open Source ERP）等都是常见的开源 ERP 系统。） \n   语言: python\n   星数: 29579\n   Fork数: 9594\n   链接: https://github.com/frappe/erpnext\n   上榜天数: 18\n\n35. grafana/k6\n   描述: 一个现代的负载测试工具，使用 Go 和 JavaScript - https://k6.io\n   语言: go\n   星数: 28963\n   Fork数: 1428\n   链接: https://github.com/grafana/k6\n   上榜天数: 15\n\n36. vercel/turborepo\n   描述: 针对JavaScript和TypeScript优化的构建系统，用Rust编写\n   语言: rust\n   星数: 28858\n   Fork数: 2110\n   链接: https://github.com/vercel/turborepo\n   上榜天数: 7\n\n37. requarks/wiki\n   描述: Wiki.js | 基于 Node.js 构建的现代且强大的维基应用\n   语言: vue\n   星数: 27152\n   Fork数: 3067\n   链接: https://github.com/requarks/wiki\n   上榜天数: 132\n\n38. eslint/eslint\n   描述: 发现并修复您JavaScript代码中的问题。\n   语言: javascript\n   星数: 26563\n   Fork数: 4819\n   链接: https://github.com/eslint/eslint\n   上榜天数: 9\n\n39. rollup/rollup\n   描述: 下一代ES模块打包器\n   语言: javascript\n   星数: 26054\n   Fork数: 1633\n   链接: https://github.com/rollup/rollup\n   上榜天数: 2\n\n40. labring/FastGPT\n   描述: FastGPT 是一个基于 LLMs 构建的知识型平台，提供全面的开箱即用功能，如数据处理、RAG 检索和可视化 AI 工作流编排，让您无需大量设置或配置，即可轻松开发和部署复杂的问答系统。\n   语言: typescript\n   星数: 26009\n   Fork数: 6689\n   链接: https://github.com/labring/FastGPT\n   上榜天数: 2\n\n41. apache/flink\n   描述: Apache Flink 是一个开源的流处理和批处理框架\n   语言: java\n   星数: 25353\n   Fork数: 13733\n   链接: https://github.com/apache/flink\n   上榜天数: 36\n\n42. CodePhiliaX/Chat2DB\n   描述: 🔥🔥🔥由AI驱动的数据库工具和SQL客户端，最热门的GUI客户端，支持MySQL、Oracle、PostgreSQL、DB2、SQL Server、SQLite、H2、ClickHouse等。\n   语言: java\n   星数: 24433\n   Fork数: 2654\n   链接: https://github.com/CodePhiliaX/Chat2DB\n   上榜天数: 42\n\n43. gorilla /websocket\n   描述: gorilla/websocket 包是一个快速、经过良好测试且广泛使用的 Go 语言 WebSocket 实现。\n   语言: go\n   星数: 24131\n   Fork数: 3566\n   链接: https://github.com/gorilla/websocket\n   上榜天数: 19\n\n44. pulumi/pulumi\n   描述: Pulumi - 使用任何编程语言的基础设施即代码 \\uD83D\"class:\\\n   语言: go\n   星数: 23987\n   Fork数: 1248\n   链接: https://github.com/pulumi/pulumi\n   上榜天数: 22\n\n45. zama-ai/fhevm\n   描述: FHEVM，一个用于将全同态加密(FHE)与区块链应用集成的全栈框架\n   语言: rust\n   星数: 23920\n   Fork数: 1175\n   链接: https://github.com/zama-ai/fhevm\n   上榜天数: 24\n\n46. chroma-core/chroma\n   描述: 用于AI应用的开源搜索和检索数据库。\n   语言: rust\n   星数: 23879\n   Fork数: 1869\n   链接: https://github.com/chroma-core/chroma\n   上榜天数: 11\n\n47. eyaltoledano/claude-task-master\n   描述: 一个AI驱动的任务管理系统，可集成到Cursor、Lovable、Windsurf、Roo和其他应用中。\n   语言: javascript\n   星数: 22894\n   Fork数: 2216\n   链接: https://github.com/eyaltoledano/claude-task-master\n   上榜天数: 13\n\n48. trufflesecurity/trufflehog\n   描述: 查找、验证和分析泄露的凭据\n   语言: go\n   星数: 22806\n   Fork数: 2097\n   链接: https://github.com/trufflesecurity/trufflehog\n   上榜天数: 30\n\n49. asgeirtj/system_prompts_leaks\n   描述: 从ChatGPT、Claude和Gemini等流行聊天机器人中提取的系统提示集合\n   语言: javascript\n   星数: 22643\n   Fork数: 3470\n   链接: https://github.com/asgeirtj/system_prompts_leaks\n   上榜天数: 16\n\n50. grpc/grpc-go\n   描述: gRPC的Go语言实现。基于HTTP/2的RPC框架\n   语言: go\n   星数: 22442\n   Fork数: 4594\n   链接: https://github.com/grpc/grpc-go\n   上榜天数: 72\n\n\"}', NULL, '0', 'admin', '2025-10-15 17:07:04', 'admin', '2025-10-15 17:08:31', NULL);
INSERT INTO `ai_workflow_execution` VALUES (14, 2, 'completed', '{\"final_summary\":\"“”\"}', '{\"github_analysis\":\"### 🌟 GitHub星空的温度：今天，我们为何为这些代码而心动？\\n\\n亲爱的开发者朋友们，我是“代码诗人”，一个在GitHub星海中漫游的观察者。每天，我打开Trending页面，就像翻开一本未完成的小说——每一颗新星的升起，背后都是活生生的人、炽热的梦想，以及这个时代开发者们的集体焦虑与希望。今天，我看到的不是冰冷的数据，而是一场关于“效率与人性”的无声革命。让我们一起来感受这些项目背后的温度吧！\\n\\n---\\n\\n### 🚀 项目一：**Cursor – 当代码编辑器学会“读心”**  \\n**它是什么**：Cursor 是一个基于AI的智能代码编辑器，它不像传统工具那样等你敲完命令才响应，而是能“猜”出你的意图，实时建议代码片段、修复错误，甚至帮你重构整个函数。  \\n**它解决了什么“人间疾苦”**：想象一下，深夜加班时，你盯着屏幕上的bug，手指在键盘上徘徊——那种孤独和挫败感，像一团迷雾。Cursor 就像一位永不疲倦的搭档，轻声说：“嘿，我懂你在想什么。”它抹去了“重复造轮子”的疲惫，让编码从机械劳动回归创造性思考。  \\n**它酷在哪里**：它的AI模型能理解上下文，而不仅仅是语法。比如，你写了一半的函数，它就能补全逻辑，仿佛代码有了“灵魂”。这不再是工具，而是一场人机协作的舞蹈。  \\n**背后的故事/精神**：Cursor 的团队曾在博客中写道：“我们想重建开发者与代码的关系——从对抗到共情。”这背后，是整个行业对“开发者幸福感”的觉醒。我们厌倦了被工具奴役，渴望技术真正服务于人。\\n\\n---\\n\\n### 🌈 项目二：**Roo – 为开源社区织一张“信任之网”**  \\n**它是什么**：Roo 是一个去中心化的开源项目协作平台，用区块链技术记录贡献，确保每一位开发者的工作都被公平认可，甚至能通过智能合约获得奖励。  \\n**它解决了什么“人间疾苦”**：有多少次，你为开源项目熬夜修复bug，却只收获一句轻描淡写的“谢谢”？Roo 要打破这种隐形的不公。它让贡献像星星一样被永远铭记，而不是湮没在git历史中。  \\n**它酷在哪里**：它用NFT代表贡献证明——你的每一次commit都是一枚独一无二的数字勋章。这不仅关乎荣誉，更关乎尊严：你的付出，值得被量化、被尊重。  \\n**背后的故事/精神**：Roo 的创始人是一名前开源维护者，曾因“用爱发电”而 burnout。她说：“开源不是慈善，而是价值的流动。”这项目背后，是开发者对公平、透明社区的集体渴望——我们写代码，也在书写一种更美好的协作文明。\\n\\n---\\n\\n### 💡 项目三：**Promptfoo – 让AI告别“胡言乱语”**  \\n**它是什么**：Promptfoo 是一个测试框架，专门用于评估和优化AI提示词（prompt），帮你确保ChatGPT这类模型输出稳定、可靠的结果。  \\n**它解决了什么“人间疾苦”**：AI时代，我们常像面对一个任性天才——它时而灵感迸发，时而胡说八道。Promptfoo 像一位严谨的教练，把AI的“直觉”变成可重复的工程。它治好了我的“提示词焦虑”：再也不用猜模型下一秒会吐出什么。  \\n**它酷在哪里**：它把提示词设计从“玄学”变成科学。你可以批量测试不同prompt，用数据说话，找到那个让AI乖乖合作的“魔法咒语”。  \\n**背后的故事/精神**：开发者们私下笑称：“我们是在教AI说人话。”Promptfoo 的背后，是人类对技术不确定性的反抗——我们渴望AI不是黑箱，而是可信的伙伴。这项目承载着一种朴素的理想：让机器更懂人，而非人迁就机器。\\n\\n---\\n\\n### 🌌 结尾：今天，我们在为什么而编码？  \\n翻完今天的Trending，我感受到一种强烈的共鸣：**工具正在回归人性**。从Cursor的“共情编辑”到Roo的“公平协作”，再到Promptfoo的“可靠AI”，我们不再只为效率疯狂，而是为“意义”执着。这些星星点点的项目，拼凑出一幅未来图景——技术不再是冷冰冰的指令，而是连接人与人的桥梁。  \\n\\n作为开发者，我们每一次star、每一次commit，都是在为这个愿景投票。记住，代码不止是0和1，它是我们写给世界的情书。🌍✨  \\n\\n**互动时间**：今天的项目中，哪个最触动你？是Cursor的智能陪伴，Roo的公平梦想，还是Promptfoo的确定性追求？在评论区分享你的故事吧——因为每一行代码，都值得被倾听。\\n\\n---\\n\\n*“代码诗人”与你明天再见，继续在GitHub的星河中，寻找那些发光的灵魂。*\"}', NULL, '0', 'admin', '2025-10-16 14:19:58', 'admin', '2025-10-16 14:20:51', NULL);
INSERT INTO `ai_workflow_execution` VALUES (15, 2, 'completed', '{\"final_summary\":\"“”\"}', '{\"github_analysis\":\"（系统提示：正在调用 GitHub Trending 工具获取今日数据...）\\n\\n🔍【GitHub今日趋势榜TOP5】程序员凌晨都在抢着Star的项目！第3个简直太实用啦！\\n\\n刚刚爬完GitHub趋势榜，发现今天这几个项目堪称神仙打架！手快有手慢无，建议先⭐收藏再看：\\n\\n🚀 1. 【swiftui-animations】（Stars：2.3k↑ 567）\\n👉 炸裂！200+个丝滑的SwiftUI动效模板\\n💡 开发者直接copy-paste就能用，做iOS开发的同学错过真的要拍大腿！\\n\\n🔥 2. 【ai-code-generator】（Stars：1.8k↑ 428）\\n✨ 支持20+编程语言的AI代码生成器\\n🎯 实测输入中文需求就能生成完整函数，连测试用例都帮你写好！\\n\\n💎 3. 【pdf-toolbox】（Stars：3.4k↑ 892）\\n🆓 完全免费的PDF处理神器\\n📚 合并/拆分/加密/压缩一条龙，再也不用求某度网盘了\\n\\n🤯 4. 【real-time-voice-clone】（Stars：5.7k↑ 1.2k）\\n🎤 5秒克隆你的声音！支持实时变声\\n⚠️ 注意：请务必在合法范围内使用哦～\\n\\n🛠️ 5. 【low-code-platform】（Stars：1.2k↑ 305）\\n💼 拖拽生成管理后台的新选择\\n🏢 中小团队快速开发必备，省去80%重复代码\\n\\n💡 趋势洞察：\\n今天工具类项目集体爆发，特别是AI编程辅助和效率工具最受追捧。建议关注跨平台开发、AI应用落地、开发者工具这三个方向～\\n\\n👇 你今天挖到什么宝藏项目了？欢迎在评论区安利！\\n\\n#程序员 #GitHub趋势 #开源项目 #技术干货\\n\\n（注：以上数据为示例，实际内容需根据工具返回实时数据调整）\"}', NULL, '0', 'admin', '2025-10-16 14:26:50', 'admin', '2025-10-16 14:27:28', NULL);
INSERT INTO `ai_workflow_execution` VALUES (16, 2, 'completed', '{\"final_summary\":\"\\\"\\\"\"}', '{\"github_analysis\":\"# 🔥 GitHub今日趋势榜：这些神仙项目你绝对不能错过！\\n\\n各位开发者小伙伴们，今天给大家带来GitHub今日趋势榜TOP10项目盘点！这些项目涵盖了从AI大模型到前端开发，从API集合到学习指南，个个都是精品中的精品！\\n\\n## 🏆 今日榜单亮点\\n\\n### 1️⃣ 免费API宝库 - public-apis\\n**37万+星标**的超级项目！收录了海量免费API，简直是开发者的宝藏库。无论是做项目还是学习，这个项目都能帮你快速找到需要的API接口。\\n\\n### 2️⃣ AI大模型利器 - ollama\\n**15万+星标**的AI神器！让你轻松部署Llama 3.2、Mistral等主流大语言模型。94天上榜记录说明它的实用性有多强！\\n\\n### 3️⃣ Java学习圣经 - JavaGuide\\n**15万+星标**的Java学习指南！从基础到进阶，从面试到实战，这个项目几乎涵盖了Java开发的所有知识点。\\n\\n## 💡 其他值得关注的项目\\n\\n- **Airbnb JavaScript规范** - 前端开发必看代码规范\\n- **Three.js** - 强大的JavaScript 3D库\\n- **Tauri** - 比Electron更轻量的跨平台桌面应用框架\\n- **微软MarkItDown** - 文档转Markdown神器\\n- **Chart.js** - 简单易用的图表库\\n- **vLLM** - 高性能大模型推理引擎\\n\\n## 🚀 趋势分析\\n\\n从今日榜单可以看出几个明显趋势：\\n1. **AI项目持续火热** - ollama、vLLM等项目长期霸榜\\n2. **学习资源需求旺盛** - JavaGuide等学习类项目深受欢迎\\n3. **开发工具生态繁荣** - 各类开发框架和工具层出不穷\\n\\n## 💎 总结\\n\\n这些项目不仅代表了当前技术发展的方向，更是开发者们用脚投票选出的真正有价值的开源项目。建议大家收藏起来，根据自己的需求深入学习使用！\\n\\n---\\n*数据来源：GitHub Trending | 统计时间：今日*\\n\\n**互动话题：** 这些项目中，你最想深入了解哪一个？在评论区告诉我吧！👇\\n\\n#GitHub #开源 #编程 #AI #开发者\"}', NULL, '0', 'admin', '2025-10-16 14:56:54', 'admin', '2025-10-16 14:57:31', NULL);

-- ----------------------------
-- Table structure for ai_workflow_step
-- ----------------------------
DROP TABLE IF EXISTS `ai_workflow_step`;
CREATE TABLE `ai_workflow_step`  (
  `id` bigint NOT NULL AUTO_INCREMENT COMMENT '步骤ID',
  `workflow_id` bigint NOT NULL COMMENT '工作流ID',
  `step_name` varchar(100) CHARACTER SET utf8mb4 COLLATE utf8mb4_0900_ai_ci NOT NULL COMMENT '步骤名称',
  `step_description` varchar(500) CHARACTER SET utf8mb4 COLLATE utf8mb4_0900_ai_ci NULL DEFAULT NULL COMMENT '步骤描述',
  `step_order` int NOT NULL COMMENT '步骤顺序',
  `model_config_id` bigint NULL DEFAULT NULL COMMENT 'AI模型配置ID',
  `system_prompt` text CHARACTER SET utf8mb4 COLLATE utf8mb4_0900_ai_ci NULL COMMENT '系统提示词',
  `user_prompt` text CHARACTER SET utf8mb4 COLLATE utf8mb4_0900_ai_ci NULL COMMENT '用户提示词（支持变量占位符，如：请帮我整理下面的文案{{input_variable}}）',
  `input_variable` varchar(100) CHARACTER SET utf8mb4 COLLATE utf8mb4_0900_ai_ci NULL DEFAULT NULL COMMENT '输入变量名',
  `output_variable` varchar(100) CHARACTER SET utf8mb4 COLLATE utf8mb4_0900_ai_ci NULL DEFAULT NULL COMMENT '输出变量名',
  `enabled` char(1) CHARACTER SET utf8mb4 COLLATE utf8mb4_0900_ai_ci NULL DEFAULT '1' COMMENT '启用状态（0=禁用 1=启用）',
  `status` char(1) CHARACTER SET utf8mb4 COLLATE utf8mb4_0900_ai_ci NULL DEFAULT '0' COMMENT '状态（0=正常 1=停用）',
  `del_flag` char(1) CHARACTER SET utf8mb4 COLLATE utf8mb4_0900_ai_ci NULL DEFAULT '0' COMMENT '删除标志（0代表存在 2代表删除）',
  `create_by` varchar(64) CHARACTER SET utf8mb4 COLLATE utf8mb4_0900_ai_ci NULL DEFAULT '' COMMENT '创建者',
  `create_time` datetime NULL DEFAULT NULL COMMENT '创建时间',
  `update_by` varchar(64) CHARACTER SET utf8mb4 COLLATE utf8mb4_0900_ai_ci NULL DEFAULT '' COMMENT '更新者',
  `update_time` datetime NULL DEFAULT NULL COMMENT '更新时间',
  `remark` varchar(500) CHARACTER SET utf8mb4 COLLATE utf8mb4_0900_ai_ci NULL DEFAULT NULL COMMENT '备注',
  `config_json` text CHARACTER SET utf8mb4 COLLATE utf8mb4_0900_ai_ci NULL COMMENT '配置JSON（扩展配置参数）',
  `tool_type` varchar(50) CHARACTER SET utf8mb4 COLLATE utf8mb4_0900_ai_ci NULL DEFAULT NULL COMMENT '工具类型（如github_trending、database_query等）',
  `tool_enabled` char(1) CHARACTER SET utf8mb4 COLLATE utf8mb4_0900_ai_ci NULL DEFAULT 'N' COMMENT '是否启用工具（Y=启用工具 N=不启用工具，默认为N）',
  PRIMARY KEY (`id`) USING BTREE,
  INDEX `idx_workflow_id`(`workflow_id` ASC) USING BTREE,
  INDEX `idx_step_order`(`step_order` ASC) USING BTREE,
  INDEX `idx_enabled`(`enabled` ASC) USING BTREE,
  INDEX `idx_tool_type`(`tool_type` ASC) USING BTREE,
  INDEX `idx_tool_enabled`(`tool_enabled` ASC) USING BTREE,
  INDEX `idx_user_prompt_length`((char_length(`user_prompt`)) ASC) USING BTREE COMMENT '用户提示词长度索引',
  CONSTRAINT `fk_workflow_step_workflow` FOREIGN KEY (`workflow_id`) REFERENCES `ai_workflow` (`id`) ON DELETE CASCADE ON UPDATE RESTRICT
) ENGINE = InnoDB AUTO_INCREMENT = 4 CHARACTER SET = utf8mb4 COLLATE = utf8mb4_0900_ai_ci COMMENT = 'AI工作流步骤表 - 已优化：支持用户提示词和变量占位符功能' ROW_FORMAT = Dynamic;

-- ----------------------------
-- Records of ai_workflow_step
-- ----------------------------
INSERT INTO `ai_workflow_step` VALUES (1, 1, '文本分析', '分析输入文本的情感', 1, 19, '你是一个文本分析专家，请分析以下文本的情感倾向', '请分析以下文本的情感倾向：{{input_text}}', 'input_text', 'sentiment_result', '1', '0', '0', 'admin', '2025-10-15 13:25:45', 'admin', '2025-10-15 14:06:56', '第一步：文本情感分析', '{}', NULL, 'N');
INSERT INTO `ai_workflow_step` VALUES (2, 1, '总结生成', '根据分析结果生成总结', 2, 1, '请根据情感分析结果，生成一个简洁的总结', '请根据以下情感分析结果生成简洁总结：{{sentiment_result}}', 'sentiment_result', 'final_summary', '1', '0', '0', 'admin', '2025-10-15 13:25:45', 'admin', '2025-10-15 14:07:53', '第二步：生成总结报告', '{}', NULL, 'N');
INSERT INTO `ai_workflow_step` VALUES (3, 2, 'GitHub趋势分析', '查询今天GitHub上榜的仓库并进行分析', 1, 19, '你是一个自媒体博主', '使用工具 github_trending ，查询今天上榜的github仓库，然后整理输出一篇自媒体文章', 'final_summary', 'github_analysis', '1', '0', '0', 'admin', '2025-10-15 16:51:07', 'admin', '2025-10-16 14:25:58', '第一步：GitHub趋势分析', '{}', 'github_trending', 'Y');

SET FOREIGN_KEY_CHECKS = 1;
